"Status","Start Time","Stop Time","Duration in ms","Parent Suite","Suite","Sub Suite","Test Class","Test Method","Name","Description"
"skipped","Mon Oct 13 20:06:41 UTC 2025","Mon Oct 13 20:06:41 UTC 2025","0","","Log Event Pipeline E2E","","com.openframe.tests.e2e.LogEventPipelineTest","logEventFlowsThroughPipeline","logEventFlowsThroughPipeline(ToolTestData)","Verify log events flow through the complete pipeline to GraphQL"
"passed","Mon Oct 13 20:06:37 UTC 2025","Mon Oct 13 20:06:37 UTC 2025","463","","GraphQL Log Query Integration Test","","com.openframe.tests.integration.GraphQLLogQueryTest","logsQueryableThroughPipeline","Logs are queryable through pipeline","Verify logs are queryable through GraphQL from Cassandra and Pinot"
"passed","Mon Oct 13 20:06:34 UTC 2025","Mon Oct 13 20:06:34 UTC 2025","74","","GraphQL Device Query Integration Tests","","com.openframe.tests.integration.GraphQLDeviceQueryTest","devicePaginationWorksCorrectly","Device pagination works correctly","Verify device pagination works correctly"
"passed","Mon Oct 13 20:06:37 UTC 2025","Mon Oct 13 20:06:37 UTC 2025","62","","GraphQL Log Query Integration Test","","com.openframe.tests.integration.GraphQLLogQueryTest","logSearchWorksCorrectly","Log search works correctly","Verify log search functionality works"
"failed","Mon Oct 13 20:06:35 UTC 2025","Mon Oct 13 20:06:36 UTC 2025","237","","Agent Registration Flow E2E Test","","com.openframe.tests.integration.AgentRegistrationTest","multipleAgentsCanRegisterConcurrently","Multiple agents can register concurrently","Multiple agents can register concurrently"
"failed","Mon Oct 13 20:06:40 UTC 2025","Mon Oct 13 20:06:41 UTC 2025","1356","","Device Pipeline E2E","","com.openframe.tests.e2e.DevicePipelineTest","deviceRegistrationFlowsThroughPipeline","deviceRegistrationFlowsThroughPipeline()","Verify device registration flows through complete pipeline to MongoDB and Pinot"
"passed","Mon Oct 13 20:06:35 UTC 2025","Mon Oct 13 20:06:35 UTC 2025","89","","GraphQL Device Query Integration Tests","","com.openframe.tests.integration.GraphQLDeviceQueryTest","graphQLQueryValidatesRequiredFields","GraphQL query validates required fields","GraphQL query validates required fields"
"failed","Mon Oct 13 20:06:34 UTC 2025","Mon Oct 13 20:06:35 UTC 2025","577","","GraphQL Device Query Integration Tests","","com.openframe.tests.integration.GraphQLDeviceQueryTest","deviceQueryStabilityAfterRegistration","Device query stability after registration","Verify device remains queryable after registration"
"passed","Mon Oct 13 20:06:35 UTC 2025","Mon Oct 13 20:06:35 UTC 2025","62","","Agent Registration Flow E2E Test","","com.openframe.tests.integration.AgentRegistrationTest","agentRegistrationFailsWithInvalidKey","Agent registration fails with invalid management key","Agent registration fails with invalid management key"
"failed","Mon Oct 13 20:06:35 UTC 2025","Mon Oct 13 20:06:36 UTC 2025","238","","Agent Registration Flow E2E Test","","com.openframe.tests.integration.AgentRegistrationTest","registeredAgentCanObtainOAuthToken","Registered agent can obtain OAuth token","Registered agent can obtain OAuth token"
"passed","Mon Oct 13 20:06:29 UTC 2025","Mon Oct 13 20:06:34 UTC 2025","4674","","GraphQL Device Query Integration Tests","","com.openframe.tests.integration.GraphQLDeviceQueryTest","deviceSearchWorksCorrectly","Device search works correctly","Verify device search functionality works"
"passed","Mon Oct 13 20:06:41 UTC 2025","Mon Oct 13 20:06:41 UTC 2025","96","","User Registration API Tests","","com.openframe.tests.restapi.UserRegistrationApiTest","shouldFailRegistrationWhenOrganizationRegistrationIsClosed","Should fail registration when organization registration is closed",""
"passed","Mon Oct 13 20:06:29 UTC 2025","Mon Oct 13 20:06:36 UTC 2025","7437","","GraphQL Log Query Integration Test","","com.openframe.tests.integration.GraphQLLogQueryTest","logFiltersAggregateCorrectly","Log filters aggregate correctly","Verify log filters aggregate correctly from Pinot"
"passed","Mon Oct 13 20:06:37 UTC 2025","Mon Oct 13 20:06:37 UTC 2025","328","","GraphQL Log Query Integration Test","","com.openframe.tests.integration.GraphQLLogQueryTest","logPaginationWorksCorrectly","Log pagination works correctly","Verify log pagination works correctly"
"passed","Mon Oct 13 20:06:36 UTC 2025","Mon Oct 13 20:06:39 UTC 2025","2505","","User Registration API Tests","","com.openframe.tests.restapi.UserRegistrationApiTest","shouldFailRegistrationWithDuplicateEmail","Should fail registration with duplicate email",""
"passed","Mon Oct 13 20:06:35 UTC 2025","Mon Oct 13 20:06:35 UTC 2025","168","","GraphQL Device Query Integration Tests","","com.openframe.tests.integration.GraphQLDeviceQueryTest","deviceFiltersWorkCorrectly","Device filters work correctly","Verify device filters work correctly"
"passed","Mon Oct 13 20:06:34 UTC 2025","Mon Oct 13 20:06:34 UTC 2025","248","","GraphQL Device Query Integration Tests","","com.openframe.tests.integration.GraphQLDeviceQueryTest","devicesQueryableThroughPipeline","Devices queryable through GraphQL pipeline","Verify devices are queryable through GraphQL from MongoDB"
"skipped","Mon Oct 13 20:06:29 UTC 2025","Mon Oct 13 20:06:29 UTC 2025","1","","GraphQL Device Query Integration Tests","","com.openframe.tests.integration.GraphQLDeviceQueryTest","deviceRegistrationStoresAndIndexesCorrectly","Device registration stores and indexes correctly","Verify device registration stores in MongoDB and indexes in Pinot"
"failed","Mon Oct 13 20:06:38 UTC 2025","Mon Oct 13 20:06:40 UTC 2025","1998","","Device Pipeline E2E","","com.openframe.tests.e2e.DevicePipelineTest","deviceFiltersAggregateCorrectly","deviceFiltersAggregateCorrectly()","Verify device filters aggregate correctly in Pinot"
"passed","Mon Oct 13 20:06:39 UTC 2025","Mon Oct 13 20:06:41 UTC 2025","2622","","User Registration API Tests","","com.openframe.tests.restapi.UserRegistrationApiTest","shouldRegisterUserWithValidData","Should successfully register user with valid data",""
"passed","Mon Oct 13 20:06:35 UTC 2025","Mon Oct 13 20:06:35 UTC 2025","168","","GraphQL Device Query Integration Tests","","com.openframe.tests.integration.GraphQLDeviceQueryTest","deviceStatusQueriesWorkCorrectly","Device status queries work correctly","Verify device status updates are reflected"
